{"cameraMode":{"drawMode":0,"name":"Shaded","section":"Shading Mode"},"sceneLighting":true,"audioPlay":false,"sceneViewState":{"m_AlwaysRefresh":false,"showFog":true,"showSkybox":false,"showFlares":false,"showImageEffects":true,"showParticleSystems":true,"showVisualEffectGraphs":true,"m_FxEnabled":true},"in2DMode":false,"pivot":{"x":-0.06936398893594742,"y":13.569512367248536,"z":-8.400810241699219},"rotation":{"x":-0.5348415970802307,"y":0.00905013456940651,"z":-0.005875004921108484,"w":-0.8449748754501343},"size":0.7103577852249146,"orthographic":false}